{"cameraMode":{"drawMode":0,"name":"Shaded","section":"Shading Mode"},"sceneLighting":true,"audioPlay":false,"sceneViewState":{"showFog":true,"showMaterialUpdate":false,"showSkybox":true,"showFlares":true,"showImageEffects":true,"showParticleSystems":true},"in2DMode":false,"pivot":{"x":592.1099853515625,"y":5.57381534576416,"z":576.5367431640625},"rotation":{"x":0.016291266307234765,"y":0.9498393535614014,"z":-0.30825474858283999,"w":0.05019889771938324},"size":2.8578836917877199,"orthographic":false}