{"cameraMode":{"drawMode":0,"name":"Shaded","section":"Shading Mode"},"sceneLighting":true,"audioPlay":false,"sceneViewState":{"showFog":true,"showMaterialUpdate":false,"showSkybox":true,"showFlares":true,"showImageEffects":true,"showParticleSystems":true},"in2DMode":false,"pivot":{"x":565.5700073242188,"y":0.75,"z":577.5399780273438},"rotation":{"x":0.01835436001420021,"y":0.9132450222969055,"z":-0.40488705039024355,"w":0.0413990244269371},"size":2.8578836917877199,"orthographic":false}